{"cameraMode":{"drawMode":0,"name":"Shaded","section":"Shading Mode"},"sceneLighting":true,"audioPlay":false,"sceneViewState":{"m_AlwaysRefresh":false,"showFog":true,"showSkybox":true,"showFlares":true,"showImageEffects":true,"showParticleSystems":true,"showVisualEffectGraphs":true,"m_FxEnabled":true},"in2DMode":false,"pivot":{"x":16.47390365600586,"y":-4.515284061431885,"z":8.964330673217774},"rotation":{"x":0.0015491241356357933,"y":0.9569241404533386,"z":-0.29061898589134219,"w":0.004917093086987734},"size":7.250802516937256,"orthographic":false}