{"cameraMode":{"drawMode":0,"name":"Shaded","section":"Shading Mode"},"sceneLighting":true,"audioPlay":false,"sceneViewState":{"m_AlwaysRefresh":false,"showFog":true,"showSkybox":true,"showFlares":true,"showImageEffects":true,"showParticleSystems":true,"showVisualEffectGraphs":true,"m_FxEnabled":true},"in2DMode":false,"pivot":{"x":11.914190292358399,"y":2.3075554370880129,"z":-7.767801761627197},"rotation":{"x":0.04824631288647652,"y":-0.0023971612099558117,"z":0.00015676107432227582,"w":0.9990103244781494},"size":3.7167282104492189,"orthographic":false}