{"cameraMode":{"drawMode":0,"name":"Shaded","section":"Shading Mode"},"sceneLighting":true,"audioPlay":false,"sceneViewState":{"m_AlwaysRefresh":false,"showFog":true,"showSkybox":true,"showFlares":true,"showImageEffects":true,"showParticleSystems":true,"showVisualEffectGraphs":true,"m_FxEnabled":true},"in2DMode":false,"pivot":{"x":17.119596481323243,"y":1.7036030292510987,"z":16.987022399902345},"rotation":{"x":0.022493556141853334,"y":-0.9502032399177551,"z":0.3027395009994507,"w":0.0717453807592392},"size":0.8364486694335938,"orthographic":false}