{"cameraMode":{"drawMode":0,"name":"Shaded","section":"Shading Mode"},"sceneLighting":true,"audioPlay":false,"sceneViewState":{"m_AlwaysRefresh":false,"showFog":true,"showSkybox":true,"showFlares":true,"showImageEffects":true,"showParticleSystems":true,"showVisualEffectGraphs":true,"m_FxEnabled":true},"in2DMode":false,"pivot":{"x":16.445661544799806,"y":0.7586045861244202,"z":15.694650650024414},"rotation":{"x":0.02154129184782505,"y":-0.9718315601348877,"z":0.09831003844738007,"w":0.21322157979011537},"size":1.2483794689178467,"orthographic":false}